file	sample	sample_name	condition	replicate
/data/ganye/LFQ_Orbitrap_DDA/mzML/Condition_A/LFQ_Orbitrap_DDA_Condition_A_Sample_Beta_01.mzML	Condition_A_34	Condition_A_34	Condition	34
/data/ganye/LFQ_Orbitrap_DDA/mzML/Condition_A/LFQ_Orbitrap_DDA_Condition_A_Sample_Gamma_02.mzML	Condition_A_35	Condition_A_35	Condition	35
/data/ganye/LFQ_Orbitrap_DDA/mzML/Condition_A/LFQ_Orbitrap_DDA_Condition_A_Sample_Gamma_01.mzML	Condition_A_36	Condition_A_36	Condition	36
/data/ganye/LFQ_Orbitrap_DDA/mzML/Condition_A/LFQ_Orbitrap_DDA_Condition_A_Sample_Gamma_03.mzML	Condition_A_37	Condition_A_37	Condition	37
/data/ganye/LFQ_Orbitrap_DDA/mzML/Condition_A/LFQ_Orbitrap_DDA_Condition_A_Sample_Gamma_04.mzML	Condition_A_38	Condition_A_38	Condition	38
/data/ganye/LFQ_Orbitrap_DDA/mzML/Condition_A/LFQ_Orbitrap_DDA_Condition_A_Sample_Alpha_02.mzML	Condition_A_39	Condition_A_39	Condition	39
/data/ganye/LFQ_Orbitrap_DDA/mzML/Condition_A/LFQ_Orbitrap_DDA_Condition_A_Sample_Beta_03.mzML	Condition_A_40	Condition_A_40	Condition	40
/data/ganye/LFQ_Orbitrap_DDA/mzML/Condition_A/LFQ_Orbitrap_DDA_Condition_A_Sample_Alpha_01.mzML	Condition_A_41	Condition_A_41	Condition	41
/data/ganye/LFQ_Orbitrap_DDA/mzML/Condition_A/LFQ_Orbitrap_DDA_Condition_A_Sample_Alpha_03.mzML	Condition_A_42	Condition_A_42	Condition	42
/data/ganye/LFQ_Orbitrap_DDA/mzML/Condition_A/LFQ_Orbitrap_DDA_Condition_A_Sample_Alpha_04.mzML	Condition_A_43	Condition_A_43	Condition	43
/data/ganye/LFQ_Orbitrap_DDA/mzML/Condition_A/LFQ_Orbitrap_DDA_Condition_A_Sample_Beta_02.mzML	Condition_A_44	Condition_A_44	Condition	44
/data/ganye/LFQ_Orbitrap_DDA/mzML/Condition_A/LFQ_Orbitrap_DDA_Condition_A_Sample_Beta_04.mzML	Condition_A_45	Condition_A_45	Condition	45
/data/ganye/LFQ_Orbitrap_DDA/mzML/Condition_B/LFQ_Orbitrap_DDA_Condition_B_Sample_Alpha_03.mzML	Condition_B_22	Condition_B_22	Condition	22
/data/ganye/LFQ_Orbitrap_DDA/mzML/Condition_B/LFQ_Orbitrap_DDA_Condition_B_Sample_Gamma_01.mzML	Condition_B_23	Condition_B_23	Condition	23
/data/ganye/LFQ_Orbitrap_DDA/mzML/Condition_B/LFQ_Orbitrap_DDA_Condition_B_Sample_Alpha_01.mzML	Condition_B_24	Condition_B_24	Condition	24
/data/ganye/LFQ_Orbitrap_DDA/mzML/Condition_B/LFQ_Orbitrap_DDA_Condition_B_Sample_Alpha_02.mzML	Condition_B_25	Condition_B_25	Condition	25
/data/ganye/LFQ_Orbitrap_DDA/mzML/Condition_B/LFQ_Orbitrap_DDA_Condition_B_Sample_Beta_03.mzML	Condition_B_26	Condition_B_26	Condition	26
/data/ganye/LFQ_Orbitrap_DDA/mzML/Condition_B/LFQ_Orbitrap_DDA_Condition_B_Sample_Alpha_04.mzML	Condition_B_27	Condition_B_27	Condition	27
/data/ganye/LFQ_Orbitrap_DDA/mzML/Condition_B/LFQ_Orbitrap_DDA_Condition_B_Sample_Gamma_02.mzML	Condition_B_28	Condition_B_28	Condition	28
/data/ganye/LFQ_Orbitrap_DDA/mzML/Condition_B/LFQ_Orbitrap_DDA_Condition_B_Sample_Gamma_03.mzML	Condition_B_29	Condition_B_29	Condition	29
/data/ganye/LFQ_Orbitrap_DDA/mzML/Condition_B/LFQ_Orbitrap_DDA_Condition_B_Sample_Gamma_04.mzML	Condition_B_30	Condition_B_30	Condition	30
/data/ganye/LFQ_Orbitrap_DDA/mzML/Condition_B/LFQ_Orbitrap_DDA_Condition_B_Sample_Beta_02.mzML	Condition_B_31	Condition_B_31	Condition	31
/data/ganye/LFQ_Orbitrap_DDA/mzML/Condition_B/LFQ_Orbitrap_DDA_Condition_B_Sample_Beta_01.mzML	Condition_B_32	Condition_B_32	Condition	32
/data/ganye/LFQ_Orbitrap_DDA/mzML/Condition_B/LFQ_Orbitrap_DDA_Condition_B_Sample_Beta_04.mzML	Condition_B_33	Condition_B_33	Condition	33
/data/ganye/LFQ_Orbitrap_DDA/mzML/Ecoli/LFQ_Orbitrap_DDA_Ecoli_03.mzML	Ecoli_19	Ecoli_19	Ecoli	19
/data/ganye/LFQ_Orbitrap_DDA/mzML/Ecoli/LFQ_Orbitrap_DDA_Ecoli_02.mzML	Ecoli_20	Ecoli_20	Ecoli	20
/data/ganye/LFQ_Orbitrap_DDA/mzML/Ecoli/LFQ_Orbitrap_DDA_Ecoli_01.mzML	Ecoli_21	Ecoli_21	Ecoli	21
/data/ganye/LFQ_Orbitrap_DDA/mzML/Human/LFQ_Orbitrap_DDA_Human_01.mzML	Human_4	Human_4	Human	4
/data/ganye/LFQ_Orbitrap_DDA/mzML/Human/LFQ_Orbitrap_DDA_Human_02.mzML	Human_5	Human_5	Human	5
/data/ganye/LFQ_Orbitrap_DDA/mzML/Human/LFQ_Orbitrap_DDA_Human_03.mzML	Human_6	Human_6	Human	6
/data/ganye/LFQ_Orbitrap_DDA/mzML/QC/LFQ_Orbitrap_DDA_QC_10.mzML	QC_10	QC_10	QC	10
/data/ganye/LFQ_Orbitrap_DDA/mzML/QC/LFQ_Orbitrap_DDA_QC_08.mzML	QC_11	QC_11	QC	11
/data/ganye/LFQ_Orbitrap_DDA/mzML/QC/LFQ_Orbitrap_DDA_QC_12.mzML	QC_12	QC_12	QC	12
/data/ganye/LFQ_Orbitrap_DDA/mzML/QC/LFQ_Orbitrap_DDA_QC_06.mzML	QC_13	QC_13	QC	13
/data/ganye/LFQ_Orbitrap_DDA/mzML/QC/LFQ_Orbitrap_DDA_QC_04.mzML	QC_14	QC_14	QC	14
/data/ganye/LFQ_Orbitrap_DDA/mzML/QC/LFQ_Orbitrap_DDA_QC_07.mzML	QC_15	QC_15	QC	15
/data/ganye/LFQ_Orbitrap_DDA/mzML/QC/LFQ_Orbitrap_DDA_QC_01.mzML	QC_16	QC_16	QC	16
/data/ganye/LFQ_Orbitrap_DDA/mzML/QC/LFQ_Orbitrap_DDA_QC_03.mzML	QC_17	QC_17	QC	17
/data/ganye/LFQ_Orbitrap_DDA/mzML/QC/LFQ_Orbitrap_DDA_QC_11.mzML	QC_18	QC_18	QC	18
/data/ganye/LFQ_Orbitrap_DDA/mzML/QC/LFQ_Orbitrap_DDA_QC_09.mzML	QC_7	QC_7	QC	7
/data/ganye/LFQ_Orbitrap_DDA/mzML/QC/LFQ_Orbitrap_DDA_QC_02.mzML	QC_8	QC_8	QC	8
/data/ganye/LFQ_Orbitrap_DDA/mzML/QC/LFQ_Orbitrap_DDA_QC_05.mzML	QC_9	QC_9	QC	9
/data/ganye/LFQ_Orbitrap_DDA/mzML/Yeast/LFQ_Orbitrap_DDA_Yeast_01.mzML	Yeast_1	Yeast_1	Yeast	1
/data/ganye/LFQ_Orbitrap_DDA/mzML/Yeast/LFQ_Orbitrap_DDA_Yeast_02.mzML	Yeast_2	Yeast_2	Yeast	2
/data/ganye/LFQ_Orbitrap_DDA/mzML/Yeast/LFQ_Orbitrap_DDA_Yeast_03.mzML	Yeast_3	Yeast_3	Yeast	3
