Protein	Protein ID	Entry Name	Gene	Protein Length	Organism	Protein Existence	Description	Protein Probability	Top Peptide Probability	Combined Total Peptides	Combined Spectral Count	Combined Unique Spectral Count	Human_1 MaxLFQ Intensity	Human_2 MaxLFQ Intensity	Human_3 MaxLFQ Intensity	Human_4 MaxLFQ Intensity	QC_1 MaxLFQ Intensity	QC_2 MaxLFQ Intensity	QC_3 MaxLFQ Intensity	Human_vs_QC Log2 Fold Change	Human_vs_QC Adjusted P-value
sp|P10000|ACTB_HUMAN	P10000	ACTB_HUMAN	ACTB	330	Homo sapiens	1:Evidence at protein level	ACTB protein	0.9108	0.9813	23	70	22	3.9535e+8	1.5282e+8	1.5671e+8	1.7884e+8	4.3020e+6	5.3347e+6	1.9097e+6	5.8430	1.7177e-12
sp|P10001|GAPDH_HUMAN	P10001	GAPDH_HUMAN	GAPDH	1139	Homo sapiens	1:Evidence at protein level	GAPDH protein	0.9605	0.9012	29	82	51	0	3.1097e+6	1.7213e+6	3.4222e+6	1.8817e+6	1.3299e+6	1.5770e+6	0.7854	4.8169e-2
sp|P10002|TUBB_HUMAN	P10002	TUBB_HUMAN	TUBB	1177	Homo sapiens	1:Evidence at protein level	TUBB protein	0.9802	0.8980	7	12	35	1.9936e+7	2.7647e+7	1.0559e+7	1.4702e+7	0	8.3591e+6	3.4474e+6	1.6252	2.9995e-5
sp|P10003|ALB_HUMAN	P10003	ALB_HUMAN	ALB	996	Homo sapiens	1:Evidence at protein level	ALB protein	0.8921	0.9669	30	77	34	1.9473e+6	2.5532e+6	3.3110e+6	2.6847e+6	3.8919e+6	2.8952e+6	1.2681e+6	-0.0332	1.0000e+0
sp|P10004|TP53_HUMAN	P10004	TP53_HUMAN	TP53	333	Homo sapiens	1:Evidence at protein level	TP53 protein	0.9483	0.9143	17	64	11	7.4148e+5	6.8066e+5	8.1697e+5	4.1787e+5	8.9529e+5	8.7822e+5	1.2623e+6	-0.6073	6.0575e-1
sp|P10005|EGFR_HUMAN	P10005	EGFR_HUMAN	EGFR	211	Homo sapiens	1:Evidence at protein level	EGFR protein	0.8800	0.8424	15	16	31	1.6477e+7	2.0797e+7	8.8955e+6	1.4975e+7	5.8465e+6	5.3149e+6	2.5366e+6	1.7432	7.5257e-6
sp|P10006|MYC_HUMAN	P10006	MYC_HUMAN	MYC	228	Homo sapiens	1:Evidence at protein level	MYC protein	0.9840	0.8444	21	80	37	3.6540e+6	6.2278e+6	5.5761e+6	4.6998e+6	1.4995e+6	0	0	1.7488	9.8820e-6
sp|P10007|BRCA1_HUMAN	P10007	BRCA1_HUMAN	BRCA1	714	Homo sapiens	1:Evidence at protein level	BRCA1 protein	0.8972	0.8450	11	60	49	2.6324e+5	2.2369e+5	2.8553e+5	2.2482e+5	1.1432e+7	1.2659e+7	6.5006e+6	-5.3540	1.9127e-12
sp|P10008|BRCA2_HUMAN	P10008	BRCA2_HUMAN	BRCA2	931	Homo sapiens	1:Evidence at protein level	BRCA2 protein	0.8758	0.8806	15	50	14	4.3509e+6	1.2130e+6	1.4300e+6	1.9454e+6	0	1.4014e+6	4.1232e+6	-0.3057	6.8624e-1
sp|P10009|CDK1_HUMAN	P10009	CDK1_HUMAN	CDK1	256	Homo sapiens	1:Evidence at protein level	CDK1 protein	0.8633	0.9841	37	43	49	3.1797e+6	1.5889e+6	0	0	1.8317e+6	2.8670e+6	2.4515e+6	0.0006	8.4624e-1
sp|P10010|CDK2_HUMAN	P10010	CDK2_HUMAN	CDK2	813	Homo sapiens	1:Evidence at protein level	CDK2 protein	0.8781	0.9160	10	80	33	8.0095e+5	5.6744e+5	5.5212e+5	1.0699e+6	1.2790e+6	9.0585e+5	1.2455e+6	-0.6131	2.4885e-1
sp|P10011|MAPK1_HUMAN	P10011	MAPK1_HUMAN	MAPK1	104	Homo sapiens	1:Evidence at protein level	MAPK1 protein	0.9503	0.8702	16	73	37	3.6952e+6	4.1096e+6	3.7005e+6	8.2427e+6	0	7.7716e+6	4.5524e+6	-0.3198	1.0000e+0
sp|P10012|AKT1_HUMAN	P10012	AKT1_HUMAN	AKT1	1322	Homo sapiens	1:Evidence at protein level	AKT1 protein	0.9117	0.9334	37	57	7	3.3702e+6	9.2324e+5	1.7838e+6	4.3843e+6	1.5537e+6	7.7177e+5	7.5541e+5	1.3487	1.0154e-3
sp|P10013|PTEN_HUMAN	P10013	PTEN_HUMAN	PTEN	309	Homo sapiens	1:Evidence at protein level	PTEN protein	0.8718	0.8459	32	60	47	2.1551e+6	2.3587e+6	2.7100e+6	0	5.3280e+6	2.4699e+6	0	-0.6953	2.2737e-1
sp|P10014|RB1_HUMAN	P10014	RB1_HUMAN	RB1	1341	Homo sapiens	1:Evidence at protein level	RB1 protein	0.8811	0.8527	13	29	49	4.6970e+4	8.1426e+4	9.0815e+4	4.4285e+4	0	1.2600e+6	1.2421e+6	-4.2473	1.8012e-12
sp|P10015|VEGFA_HUMAN	P10015	VEGFA_HUMAN	VEGFA	113	Homo sapiens	1:Evidence at protein level	VEGFA protein	0.9778	0.8808	36	65	49	2.9478e+6	0	5.8294e+6	7.1394e+6	1.0856e+7	3.1991e+6	1.0194e+7	-0.6075	5.1894e-1
sp|P10016|HIF1A_HUMAN	P10016	HIF1A_HUMAN	HIF1A	1198	Homo sapiens	1:Evidence at protein level	HIF1A protein	0.9839	0.9476	13	67	33	2.2213e+7	4.8143e+7	1.2713e+7	5.1385e+7	4.0918e+6	7.6672e+6	0	2.5153	1.0850e-11
sp|P10017|STAT3_HUMAN	P10017	STAT3_HUMAN	STAT3	790	Homo sapiens	1:Evidence at protein level	STAT3 protein	0.9452	0.9580	15	84	46	4.8373e+6	6.2782e+6	6.9153e+6	7.9812e+6	2.7152e+6	2.8898e+6	1.9539e+6	1.3679	1.5930e-3
sp|P10018|NFKB1_HUMAN	P10018	NFKB1_HUMAN	NFKB1	1043	Homo sapiens	1:Evidence at protein level	NFKB1 protein	0.8625	0.9509	11	54	22	2.2100e+7	1.2792e+7	1.5332e+7	2.0664e+7	1.5980e+7	1.4237e+7	1.4304e+7	0.2560	1.0000e+0
sp|P10019|JUN_HUMAN	P10019	JUN_HUMAN	JUN	436	Homo sapiens	1:Evidence at protein level	JUN protein	0.8728	0.8751	5	14	45	2.1996e+5	2.0724e+5	2.3386e+5	1.9750e+5	1.2640e+6	0	7.4037e+5	-2.2231	5.1123e-9
sp|P10020|FOS_HUMAN	P10020	FOS_HUMAN	FOS	299	Homo sapiens	1:Evidence at protein level	FOS protein	0.8845	0.8112	35	14	36	2.1665e+5	3.8073e+5	1.3938e+5	2.9417e+5	8.2997e+5	0	1.1183e+6	-1.9182	4.9528e-7
sp|P10021|KRAS_HUMAN	P10021	KRAS_HUMAN	KRAS	334	Homo sapiens	1:Evidence at protein level	KRAS protein	0.9610	0.9584	27	29	28	4.1481e+4	6.4130e+4	6.3887e+4	3.0855e+4	1.6713e+6	1.9681e+6	2.1701e+6	-5.2728	2.6825e-12
sp|P10022|HRAS_HUMAN	P10022	HRAS_HUMAN	HRAS	1127	Homo sapiens	1:Evidence at protein level	HRAS protein	0.8849	0.8249	19	87	17	2.2717e+7	2.4745e+7	0	2.1138e+7	2.6052e+7	2.9280e+7	2.8560e+7	-0.2903	4.3005e-1
sp|P10023|PIK3CA_HUMAN	P10023	PIK3CA_HUMAN	PIK3CA	185	Homo sapiens	1:Evidence at protein level	PIK3CA protein	0.9896	0.9888	5	29	6	1.0125e+6	1.2532e+6	7.6145e+5	1.1689e+6	3.4673e+5	1.5927e+5	3.4895e+5	1.8800	8.7354e-7
sp|P10024|MTOR_HUMAN	P10024	MTOR_HUMAN	MTOR	569	Homo sapiens	1:Evidence at protein level	MTOR protein	0.9774	0.8976	9	87	53	0	1.6440e+6	1.4446e+6	1.1901e+6	1.1282e+6	1.1283e+6	1.9226e+6	0.0340	7.1948e-1
sp|P10025|SRC_HUMAN	P10025	SRC_HUMAN	SRC	1004	Homo sapiens	1:Evidence at protein level	SRC protein	0.8909	0.8450	21	67	11	1.2738e+9	7.2143e+8	8.2114e+8	7.1680e+8	4.9075e+8	5.6078e+8	9.6234e+8	0.3960	8.7488e-1
sp|P10026|ABL1_HUMAN	P10026	ABL1_HUMAN	ABL1	694	Homo sapiens	1:Evidence at protein level	ABL1 protein	0.8529	0.8008	13	20	47	0	5.8953e+6	5.0611e+6	7.9612e+6	2.0771e+6	1.3164e+6	2.5208e+6	1.6775	6.7737e-6
sp|P10027|BCL2_HUMAN	P10027	BCL2_HUMAN	BCL2	934	Homo sapiens	1:Evidence at protein level	BCL2 protein	0.8750	0.9095	7	26	32	3.2878e+6	2.5975e+6	3.2309e+6	2.1656e+6	2.9835e+6	3.1442e+6	2.1486e+6	0.0319	1.0000e+0
sp|P10028|BAX_HUMAN	P10028	BAX_HUMAN	BAX	1389	Homo sapiens	1:Evidence at protein level	BAX protein	0.9486	0.9254	24	32	14	4.9606e+4	6.8044e+4	5.0498e+4	5.3554e+4	0	1.5986e+6	3.7824e+6	-5.6011	1.4375e-12
sp|P10029|CASP3_HUMAN	P10029	CASP3_HUMAN	CASP3	234	Homo sapiens	1:Evidence at protein level	CASP3 protein	0.9053	0.9485	40	73	6	8.0759e+5	5.8931e+5	4.5286e+5	3.7562e+5	1.7564e+6	2.2520e+6	1.0822e+6	-1.6088	5.0027e-5
sp|P10030|CASP9_HUMAN	P10030	CASP9_HUMAN	CASP9	1269	Homo sapiens	1:Evidence at protein level	CASP9 protein	0.9828	0.9671	23	24	27	7.6956e+5	5.6558e+5	4.4656e+5	1.0814e+6	3.9715e+5	3.6737e+5	5.0603e+5	0.7571	5.5958e-2
sp|P10031|PARP1_HUMAN	P10031	PARP1_HUMAN	PARP1	670	Homo sapiens	1:Evidence at protein level	PARP1 protein	0.9353	0.8756	40	20	24	2.9960e+7	2.1718e+7	2.9007e+7	1.7481e+7	5.1386e+7	2.2044e+7	2.5310e+7	-0.4235	1.0000e+0
sp|P10032|HSPA1A_HUMAN	P10032	HSPA1A_HUMAN	HSPA1A	160	Homo sapiens	1:Evidence at protein level	HSPA1A protein	0.9683	0.9393	20	14	50	1.7941e+6	0	2.9361e+6	4.6717e+6	8.5070e+6	1.2785e+7	1.0114e+7	-1.7400	1.4363e-5
sp|P10033|HSP90AA1_HUMAN	P10033	HSP90AA1_HUMAN	HSP90AA1	1352	Homo sapiens	1:Evidence at protein level	HSP90AA1 protein	0.9130	0.8382	36	45	16	4.1101e+7	7.7016e+7	7.3816e+7	9.2408e+7	0	4.6008e+7	4.8094e+7	0.5953	3.0732e-1
sp|P10034|CALR_HUMAN	P10034	CALR_HUMAN	CALR	824	Homo sapiens	1:Evidence at protein level	CALR protein	0.8673	0.8658	15	47	23	7.2798e+7	6.4174e+7	1.3656e+8	1.0350e+8	1.0202e+8	6.8669e+7	5.3511e+7	0.3348	1.0000e+0
sp|P10035|CANX_HUMAN	P10035	CANX_HUMAN	CANX	1257	Homo sapiens	1:Evidence at protein level	CANX protein	0.9029	0.9068	33	27	17	2.6067e+5	2.5752e+5	3.1440e+5	2.9961e+5	0	8.9620e+6	2.4949e+7	-5.9045	2.1408e-12
sp|P10036|PDIA3_HUMAN	P10036	PDIA3_HUMAN	PDIA3	1146	Homo sapiens	1:Evidence at protein level	PDIA3 protein	0.9522	0.9899	20	43	17	9.2019e+6	1.4147e+7	0	1.3318e+7	0	2.7402e+7	2.5043e+7	-1.1013	2.4515e-2
sp|P10037|P4HB_HUMAN	P10037	P4HB_HUMAN	P4HB	1139	Homo sapiens	1:Evidence at protein level	P4HB protein	0.9501	0.9235	11	12	17	0	2.3920e+7	1.9403e+7	1.9331e+7	4.5868e+7	2.9796e+7	2.4001e+7	-0.6697	2.6571e-1
sp|P10038|ENO1_HUMAN	P10038	ENO1_HUMAN	ENO1	1247	Homo sapiens	1:Evidence at protein level	ENO1 protein	0.8722	0.9013	10	36	31	6.4880e+5	8.8693e+5	9.3046e+5	6.1966e+5	5.3600e+6	2.5564e+6	3.5933e+6	-2.3141	4.3824e-10
sp|P10039|PKM_HUMAN	P10039	PKM_HUMAN	PKM	870	Homo sapiens	1:Evidence at protein level	PKM protein	0.9164	0.8495	5	33	35	1.1711e+6	9.6080e+5	8.0493e+5	5.1565e+5	9.9156e+5	6.7663e+5	1.2444e+6	-0.1697	8.8450e-1
sp|P10040|LDHA_HUMAN	P10040	LDHA_HUMAN	LDHA	474	Homo sapiens	1:Evidence at protein level	LDHA protein	0.9413	0.8691	18	24	28	2.6640e+6	1.1596e+6	1.5752e+6	0	0	3.0068e+6	2.6919e+6	-0.6629	2.5437e-1
sp|P10041|MDH2_HUMAN	P10041	MDH2_HUMAN	MDH2	1474	Homo sapiens	1:Evidence at protein level	MDH2 protein	0.8970	0.8493	12	89	32	5.8636e+6	4.1643e+6	2.4737e+7	0	3.6218e+7	4.5587e+7	3.2513e+7	-1.7174	3.4409e-6
sp|P10042|IDH1_HUMAN	P10042	IDH1_HUMAN	IDH1	334	Homo sapiens	1:Evidence at protein level	IDH1 protein	0.9447	0.9360	33	64	22	7.9237e+6	1.0234e+7	1.0293e+7	8.3165e+6	0	1.8041e+5	8.5354e+4	6.1121	2.9938e-12
sp|P10043|SDHA_HUMAN	P10043	SDHA_HUMAN	SDHA	438	Homo sapiens	1:Evidence at protein level	SDHA protein	0.8725	0.9293	26	12	18	1.7521e+6	2.8855e+6	3.9134e+6	1.4094e+6	8.1346e+5	8.5001e+5	3.8789e+5	1.8646	1.8866e-6
sp|P10044|COX4I1_HUMAN	P10044	COX4I1_HUMAN	COX4I1	1211	Homo sapiens	1:Evidence at protein level	COX4I1 protein	0.8853	0.8330	30	47	6	7.4551e+6	0	1.0837e+7	4.4000e+6	4.3571e+6	3.6347e+6	4.2860e+6	0.8861	6.2257e-2
sp|P10045|ATP5F1A_HUMAN	P10045	ATP5F1A_HUMAN	ATP5F1A	1219	Homo sapiens	1:Evidence at protein level	ATP5F1A protein	0.8933	0.9501	35	69	5	1.8586e+5	0	5.8378e+5	4.0773e+5	2.4960e+6	1.7469e+6	2.3089e+6	-2.4763	1.6537e-11
sp|P10046|NDUFA9_HUMAN	P10046	NDUFA9_HUMAN	NDUFA9	1497	Homo sapiens	1:Evidence at protein level	NDUFA9 protein	0.8933	0.9903	25	42	8	0	1.1963e+7	1.9495e+7	1.8787e+7	1.0321e+7	1.5950e+7	1.1948e+7	0.3947	9.2898e-1
sp|P10047|UQCRC1_HUMAN	P10047	UQCRC1_HUMAN	UQCRC1	677	Homo sapiens	1:Evidence at protein level	UQCRC1 protein	0.9636	0.8063	20	79	47	6.1116e+5	6.4002e+5	1.1572e+6	0	9.2298e+5	4.6854e+5	1.1973e+6	-0.1043	1.0000e+0
sp|P10048|CYCS_HUMAN	P10048	CYCS_HUMAN	CYCS	135	Homo sapiens	1:Evidence at protein level	CYCS protein	0.9133	0.8360	40	83	8	2.8927e+7	1.7061e+7	2.1962e+7	1.4626e+7	0	2.5787e+7	1.1899e+7	0.1317	1.0000e+0
sp|P10049|SOD1_HUMAN	P10049	SOD1_HUMAN	SOD1	1356	Homo sapiens	1:Evidence at protein level	SOD1 protein	0.9978	0.9346	33	53	43	2.4104e+6	1.5316e+6	8.7678e+5	0	5.9287e+7	0	6.2099e+7	-5.2398	1.8314e-12
sp|P10050|CAT_HUMAN	P10050	CAT_HUMAN	CAT	1261	Homo sapiens	1:Evidence at protein level	CAT protein	0.8931	0.9790	41	42	31	2.3957e+7	1.9138e+7	2.0457e+7	2.2545e+7	8.9287e+6	4.9629e+6	5.0113e+6	1.7723	1.8971e-6
sp|P10051|GPX1_HUMAN	P10051	GPX1_HUMAN	GPX1	1088	Homo sapiens	1:Evidence at protein level	GPX1 protein	0.9112	0.9712	17	57	40	3.2665e+6	9.4163e+6	1.2215e+7	6.4087e+6	1.2519e+7	1.6371e+7	1.2608e+7	-0.8217	6.6410e-2
sp|P10052|PRDX1_HUMAN	P10052	PRDX1_HUMAN	PRDX1	492	Homo sapiens	1:Evidence at protein level	PRDX1 protein	0.9326	0.9821	26	27	46	4.2175e+6	5.3840e+6	5.6124e+6	4.0614e+6	4.5925e+6	3.5307e+6	1.0589e+7	-0.3723	6.3786e-1
sp|P10053|TXN_HUMAN	P10053	TXN_HUMAN	TXN	1188	Homo sapiens	1:Evidence at protein level	TXN protein	0.9530	0.8505	8	77	26	8.7764e+6	3.5346e+6	2.4264e+6	3.6835e+6	6.2247e+6	3.0808e+6	7.4397e+6	-0.2775	1.0000e+0
sp|P10054|GSTP1_HUMAN	P10054	GSTP1_HUMAN	GSTP1	1117	Homo sapiens	1:Evidence at protein level	GSTP1 protein	0.8915	0.9903	44	74	43	1.3145e+7	1.8598e+7	1.2813e+7	1.2815e+7	1.1757e+7	1.3079e+7	0	0.2079	1.0000e+0
sp|P10055|ANXA1_HUMAN	P10055	ANXA1_HUMAN	ANXA1	1098	Homo sapiens	1:Evidence at protein level	ANXA1 protein	0.8671	0.9119	22	59	13	5.3086e+6	5.2101e+6	1.7935e+7	1.3287e+7	5.4242e+7	1.5571e+7	0	-1.7421	4.4049e-6
sp|P10056|ANXA2_HUMAN	P10056	ANXA2_HUMAN	ANXA2	570	Homo sapiens	1:Evidence at protein level	ANXA2 protein	0.9775	0.9573	17	77	43	8.5366e+6	1.2068e+7	7.1307e+6	9.6901e+6	1.0764e+5	1.3482e+5	1.3905e+5	6.2011	1.4189e-12
sp|P10057|S100A4_HUMAN	P10057	S100A4_HUMAN	S100A4	855	Homo sapiens	1:Evidence at protein level	S100A4 protein	0.9659	0.9709	17	23	49	1.7127e+6	1.8728e+6	4.0155e+6	2.2951e+6	0	2.9775e+6	1.7800e+6	0.0567	1.0000e+0
sp|P10058|VIM_HUMAN	P10058	VIM_HUMAN	VIM	671	Homo sapiens	1:Evidence at protein level	VIM protein	0.8992	0.9333	23	74	46	4.1443e+6	3.3748e+6	4.7397e+6	0	4.3173e+5	2.3320e+5	4.1716e+5	3.5019	1.5979e-12
sp|P10059|DES_HUMAN	P10059	DES_HUMAN	DES	936	Homo sapiens	1:Evidence at protein level	DES protein	0.9153	0.9270	22	14	41	8.4041e+5	6.9093e+5	8.1941e+5	5.3258e+5	1.3316e+6	1.0454e+6	7.0559e+5	-0.5114	3.7984e-1
sp|P10060|LMNA_HUMAN	P10060	LMNA_HUMAN	LMNA	622	Homo sapiens	1:Evidence at protein level	LMNA protein	0.9335	0.9920	32	56	26	9.2593e+5	8.2052e+5	2.6558e+6	1.8867e+6	4.8751e+5	1.1190e+6	8.6830e+5	0.9304	9.0047e-2
sp|P10061|LMNB1_HUMAN	P10061	LMNB1_HUMAN	LMNB1	314	Homo sapiens	1:Evidence at protein level	LMNB1 protein	0.9546	0.9615	29	52	32	2.5207e+8	2.6962e+8	4.8846e+8	2.0800e+8	5.7189e+7	0	9.7398e+7	1.9782	5.4123e-8
sp|P10062|NCL_HUMAN	P10062	NCL_HUMAN	NCL	841	Homo sapiens	1:Evidence at protein level	NCL protein	0.9338	0.8659	12	60	53	4.2120e+5	4.1675e+5	6.9690e+5	6.3260e+5	1.3959e+6	1.1528e+6	0	-1.2338	3.1164e-3
sp|P10063|NPM1_HUMAN	P10063	NPM1_HUMAN	NPM1	170	Homo sapiens	1:Evidence at protein level	NPM1 protein	0.9639	0.9390	29	86	33	4.1897e+6	3.6540e+6	7.5248e+6	5.4449e+6	5.8526e+4	0	0	6.4742	2.3422e-12
sp|P10064|HNRNPA1_HUMAN	P10064	HNRNPA1_HUMAN	HNRNPA1	1353	Homo sapiens	1:Evidence at protein level	HNRNPA1 protein	0.9169	0.9926	6	17	13	1.4643e+6	1.3526e+6	7.9892e+5	1.0360e+6	2.8406e+6	5.2722e+6	1.4249e+6	-1.4509	9.6419e-5
sp|P10065|SRSF1_HUMAN	P10065	SRSF1_HUMAN	SRSF1	1470	Homo sapiens	1:Evidence at protein level	SRSF1 protein	0.9039	0.9564	44	50	30	3.9771e+5	2.1319e+5	4.0281e+5	3.3587e+5	2.2719e+6	1.6302e+6	2.3035e+6	-2.6161	2.5364e-12
sp|P10066|SF3B1_HUMAN	P10066	SF3B1_HUMAN	SF3B1	479	Homo sapiens	1:Evidence at protein level	SF3B1 protein	0.9954	0.8287	43	34	38	3.5464e+6	4.5589e+6	4.7389e+6	2.3649e+6	0	2.0027e+6	2.7953e+6	0.6644	2.5746e-1
sp|P10067|EIF4E_HUMAN	P10067	EIF4E_HUMAN	EIF4E	742	Homo sapiens	1:Evidence at protein level	EIF4E protein	0.9827	0.8412	19	74	31	7.2326e+5	1.1171e+6	1.9745e+6	1.0113e+6	1.8868e+6	1.9946e+6	1.7873e+6	-0.6472	1.2332e-1
sp|P10068|RPS6_HUMAN	P10068	RPS6_HUMAN	RPS6	649	Homo sapiens	1:Evidence at protein level	RPS6 protein	0.9672	0.8042	22	59	12	1.6661e+7	1.7950e+7	1.8110e+7	2.1061e+7	7.3994e+6	1.2840e+7	0	0.8661	6.8432e-2
sp|P10069|RPL5_HUMAN	P10069	RPL5_HUMAN	RPL5	350	Homo sapiens	1:Evidence at protein level	RPL5 protein	0.9716	0.8588	41	15	53	4.3079e+5	0	0	6.4277e+5	6.5589e+5	3.5153e+5	5.1314e+5	0.0828	1.0000e+0
sp|P10070|EEF1A1_HUMAN	P10070	EEF1A1_HUMAN	EEF1A1	334	Homo sapiens	1:Evidence at protein level	EEF1A1 protein	0.9314	0.9310	30	44	20	0	3.2132e+7	5.4355e+7	3.9624e+7	1.3061e+9	1.9399e+9	0	-5.2709	1.2161e-12
sp|P10071|EEF2_HUMAN	P10071	EEF2_HUMAN	EEF2	1102	Homo sapiens	1:Evidence at protein level	EEF2 protein	0.8764	0.8226	28	61	33	5.6742e+6	6.9878e+6	2.8668e+6	6.2551e+6	4.3563e+7	3.6547e+7	2.1757e+7	-2.6404	1.0850e-12
sp|P10072|PABPC1_HUMAN	P10072	PABPC1_HUMAN	PABPC1	1403	Homo sapiens	1:Evidence at protein level	PABPC1 protein	0.9535	0.8862	10	70	6	4.2072e+7	4.1998e+7	1.2492e+7	1.1389e+7	0	1.5423e+7	1.1519e+7	1.0025	2.6564e-2
sp|P10073|YBX1_HUMAN	P10073	YBX1_HUMAN	YBX1	861	Homo sapiens	1:Evidence at protein level	YBX1 protein	0.9654	0.9588	19	19	27	1.8691e+6	1.4995e+6	3.6198e+6	2.1764e+6	7.9067e+6	1.6118e+7	1.4605e+7	-2.4906	1.6109e-11
sp|P10074|PCNA_HUMAN	P10074	PCNA_HUMAN	PCNA	374	Homo sapiens	1:Evidence at protein level	PCNA protein	0.8995	0.9152	7	49	16	3.4408e+6	2.1204e+6	1.3530e+6	1.6727e+6	1.6331e+6	9.7987e+5	5.7531e+5	1.0143	9.4006e-3
sp|P10075|MCM2_HUMAN	P10075	MCM2_HUMAN	MCM2	191	Homo sapiens	1:Evidence at protein level	MCM2 protein	0.9810	0.9750	9	17	41	1.6086e+5	3.5060e+5	2.7726e+5	1.8398e+5	0	1.6549e+6	2.2594e+6	-3.0087	2.4065e-12
sp|P10076|CDC20_HUMAN	P10076	CDC20_HUMAN	CDC20	824	Homo sapiens	1:Evidence at protein level	CDC20 protein	0.9646	0.8752	21	41	49	8.5474e+5	6.0977e+5	3.4244e+5	1.2080e+6	3.4141e+5	4.9961e+5	7.4090e+5	0.5154	2.9085e-1
sp|P10077|BUB1_HUMAN	P10077	BUB1_HUMAN	BUB1	490	Homo sapiens	1:Evidence at protein level	BUB1 protein	0.9520	0.9663	36	76	20	3.2673e+6	3.7206e+6	3.2169e+6	0	2.9920e+4	2.7023e+4	8.0723e+4	6.2119	1.3651e-12
sp|P10078|AURKA_HUMAN	P10078	AURKA_HUMAN	AURKA	833	Homo sapiens	1:Evidence at protein level	AURKA protein	0.8654	0.8665	31	57	7	1.1669e+6	7.8675e+5	1.1791e+6	1.0835e+6	2.5671e+5	2.3289e+5	2.0045e+5	2.1961	1.8055e-9
sp|P10079|PLK1_HUMAN	P10079	PLK1_HUMAN	PLK1	1392	Homo sapiens	1:Evidence at protein level	PLK1 protein	0.9571	0.9723	30	25	16	1.0720e+7	1.2793e+7	9.7912e+6	1.0317e+7	1.3692e+7	1.7688e+7	1.2886e+7	-0.4362	7.9638e-1
sp|P10080|CHEK1_HUMAN	P10080	CHEK1_HUMAN	CHEK1	464	Homo sapiens	1:Evidence at protein level	CHEK1 protein	0.9212	0.9696	15	39	18	1.8843e+6	1.9344e+6	2.0419e+6	1.6685e+6	0	1.3755e+6	1.5773e+6	0.3504	5.9866e-1
sp|P10081|ATM_HUMAN	P10081	ATM_HUMAN	ATM	525	Homo sapiens	1:Evidence at protein level	ATM protein	0.8620	0.9813	42	89	25	1.7649e+8	1.3866e+8	1.4266e+8	1.2465e+8	3.0129e+8	2.2038e+8	1.8878e+8	-0.7016	2.4359e-1
sp|P10082|ATR_HUMAN	P10082	ATR_HUMAN	ATR	874	Homo sapiens	1:Evidence at protein level	ATR protein	0.8754	0.8707	30	42	40	5.8158e+5	7.7727e+5	9.6068e+5	1.1472e+6	1.4811e+6	9.1536e+5	5.9632e+5	-0.2029	1.0000e+0
sp|P10083|MDM2_HUMAN	P10083	MDM2_HUMAN	MDM2	1076	Homo sapiens	1:Evidence at protein level	MDM2 protein	0.9536	0.8534	22	69	36	4.2030e+5	4.2701e+5	6.7652e+5	0	0	2.5865e+5	3.8718e+5	0.6535	3.9870e-1
sp|P10084|CDKN1A_HUMAN	P10084	CDKN1A_HUMAN	CDKN1A	377	Homo sapiens	1:Evidence at protein level	CDKN1A protein	0.9897	0.9348	33	71	30	4.1026e+6	4.1118e+6	5.3555e+6	2.8127e+6	4.6831e+4	7.6498e+4	5.3980e+4	6.1147	2.8198e-12
sp|P10085|CDKN2A_HUMAN	P10085	CDKN2A_HUMAN	CDKN2A	525	Homo sapiens	1:Evidence at protein level	CDKN2A protein	0.9376	0.8295	23	19	25	2.3690e+6	2.2612e+6	1.6507e+6	1.5528e+6	2.7966e+6	0	1.9834e+6	-0.2873	5.2166e-1
sp|P10086|CCND1_HUMAN	P10086	CCND1_HUMAN	CCND1	1362	Homo sapiens	1:Evidence at protein level	CCND1 protein	0.9361	0.8544	24	12	34	2.7948e+5	2.6689e+5	1.7253e+5	1.5316e+5	6.2679e+5	4.1357e+5	3.1901e+5	-1.0555	2.0177e-2
sp|P10087|CCNE1_HUMAN	P10087	CCNE1_HUMAN	CCNE1	312	Homo sapiens	1:Evidence at protein level	CCNE1 protein	0.9399	0.9697	10	66	12	1.5391e+6	9.3647e+5	6.7759e+5	1.0164e+6	1.0035e+6	1.4117e+6	1.1734e+6	-0.1986	7.5197e-1
sp|P10088|CDK4_HUMAN	P10088	CDK4_HUMAN	CDK4	292	Homo sapiens	1:Evidence at protein level	CDK4 protein	0.8513	0.9258	17	16	36	4.1555e+6	3.3066e+6	4.7893e+6	4.9668e+6	1.6496e+7	0	1.4485e+7	-1.8474	7.9178e-7
sp|P10089|CDK6_HUMAN	P10089	CDK6_HUMAN	CDK6	688	Homo sapiens	1:Evidence at protein level	CDK6 protein	0.9506	0.8324	30	30	16	3.8171e+5	1.0003e+5	3.2142e+5	2.2202e+5	5.7559e+5	4.8175e+5	1.2069e+6	-1.5582	6.7893e-5
sp|P10090|FGFR1_HUMAN	P10090	FGFR1_HUMAN	FGFR1	1141	Homo sapiens	1:Evidence at protein level	FGFR1 protein	0.8592	0.9167	36	30	37	0	8.4823e+5	3.1308e+5	4.4360e+5	2.3715e+5	2.8713e+5	2.2987e+5	1.0896	8.6502e-3
sp|P10091|MET_HUMAN	P10091	MET_HUMAN	MET	907	Homo sapiens	1:Evidence at protein level	MET protein	0.9439	0.9170	19	80	51	2.5631e+6	8.1538e+6	8.7769e+6	2.4141e+7	7.9601e+8	0	4.2019e+8	-5.8007	2.9577e-12
sp|P10092|ERBB2_HUMAN	P10092	ERBB2_HUMAN	ERBB2	394	Homo sapiens	1:Evidence at protein level	ERBB2 protein	0.9798	0.9300	23	84	38	4.5650e+5	0	1.6347e+5	5.1591e+5	4.8458e+5	4.1287e+5	9.6550e+5	-0.7138	1.1937e-1
sp|P10093|IGF1R_HUMAN	P10093	IGF1R_HUMAN	IGF1R	107	Homo sapiens	1:Evidence at protein level	IGF1R protein	0.9701	0.8826	31	37	26	9.3032e+5	0	7.1759e+5	6.8266e+5	1.4097e+6	7.4427e+5	2.7422e+6	-1.0710	8.8427e-3
sp|P10094|INSR_HUMAN	P10094	INSR_HUMAN	INSR	1155	Homo sapiens	1:Evidence at protein level	INSR protein	0.8541	0.8458	42	58	37	0	0	7.6458e+6	1.2137e+7	8.3431e+6	8.9587e+6	1.2623e+7	-0.0122	1.0000e+0
sp|P10095|PDGFRA_HUMAN	P10095	PDGFRA_HUMAN	PDGFRA	818	Homo sapiens	1:Evidence at protein level	PDGFRA protein	0.9585	0.8371	16	11	8	6.7027e+6	0	7.2061e+6	7.8760e+6	7.9593e+6	2.6717e+7	1.3754e+7	-1.1526	1.2478e-2
sp|P10096|KIT_HUMAN	P10096	KIT_HUMAN	KIT	1098	Homo sapiens	1:Evidence at protein level	KIT protein	0.9106	0.8989	6	16	32	3.7189e+5	3.7752e+5	2.4097e+5	3.4447e+5	9.0865e+5	8.9168e+5	7.7919e+5	-1.3655	5.5924e-4
sp|P10097|FLT3_HUMAN	P10097	FLT3_HUMAN	FLT3	1206	Homo sapiens	1:Evidence at protein level	FLT3 protein	0.9862	0.8324	40	19	26	2.9841e+6	2.2767e+6	2.9925e+6	3.2497e+6	3.0794e+6	4.9955e+6	4.9809e+6	-0.5977	2.5451e-1
sp|P10098|JAK2_HUMAN	P10098	JAK2_HUMAN	JAK2	1080	Homo sapiens	1:Evidence at protein level	JAK2 protein	0.9309	0.8065	21	46	20	3.5907e+5	2.6308e+5	2.5617e+5	2.7818e+5	1.3030e+7	2.2252e+7	7.8382e+6	-5.6355	1.5903e-12
sp|P10099|TYK2_HUMAN	P10099	TYK2_HUMAN	TYK2	1250	Homo sapiens	1:Evidence at protein level	TYK2 protein	0.8924	0.9315	21	16	50	9.0305e+5	1.2587e+6	1.0822e+6	1.1873e+6	9.8718e+5	6.8588e+5	3.5398e+5	0.7133	1.7346e-1
sp|P10100|STAT1_HUMAN	P10100	STAT1_HUMAN	STAT1	1493	Homo sapiens	1:Evidence at protein level	STAT1 protein	0.9102	0.8502	29	78	48	7.4914e+7	4.7966e+7	4.2956e+7	8.6730e+7	1.8981e+7	2.2383e+7	3.4522e+7	1.3197	2.0558e-3
sp|P10101|STAT5A_HUMAN	P10101	STAT5A_HUMAN	STAT5A	383	Homo sapiens	1:Evidence at protein level	STAT5A protein	0.9672	0.9611	11	85	14	6.6379e+5	1.3282e+6	1.3823e+6	0	7.7623e+5	5.1016e+5	3.6824e+5	1.0281	1.4260e-2
sp|P10102|IRF1_HUMAN	P10102	IRF1_HUMAN	IRF1	773	Homo sapiens	1:Evidence at protein level	IRF1 protein	0.8952	0.8973	43	75	32	3.8551e+7	4.4784e+7	3.4406e+7	4.9655e+7	1.8608e+7	1.2931e+7	2.6710e+7	1.1079	6.1499e-3
sp|P10103|RELA_HUMAN	P10103	RELA_HUMAN	RELA	1333	Homo sapiens	1:Evidence at protein level	RELA protein	0.9473	0.9520	5	32	38	4.5052e+5	1.4861e+6	1.5289e+6	1.9625e+6	4.8149e+5	5.5518e+5	2.9202e+5	1.6153	3.1878e-5
sp|P10104|CREB1_HUMAN	P10104	CREB1_HUMAN	CREB1	945	Homo sapiens	1:Evidence at protein level	CREB1 protein	0.9327	0.9937	39	44	31	8.8277e+7	7.9049e+7	8.7529e+7	4.7845e+7	0	7.3044e+7	3.0466e+7	0.5481	5.9500e-1
sp|P10105|ATF4_HUMAN	P10105	ATF4_HUMAN	ATF4	1320	Homo sapiens	1:Evidence at protein level	ATF4 protein	0.9988	0.9497	8	54	17	4.6218e+5	1.1490e+6	1.0043e+6	7.2290e+5	3.2952e+7	0	5.3640e+7	-5.6970	2.2033e-12
sp|P10106|XBP1_HUMAN	P10106	XBP1_HUMAN	XBP1	787	Homo sapiens	1:Evidence at protein level	XBP1 protein	0.8875	0.9553	22	81	34	7.1654e+5	1.2044e+6	1.0097e+6	1.3243e+6	1.6000e+6	2.5130e+6	3.0791e+6	-1.1723	7.1185e-3
sp|P10107|DDIT3_HUMAN	P10107	DDIT3_HUMAN	DDIT3	1353	Homo sapiens	1:Evidence at protein level	DDIT3 protein	0.8574	0.9718	26	84	49	4.4714e+5	2.9630e+5	3.2009e+5	4.1648e+5	3.8325e+5	5.2855e+5	4.0846e+5	-0.2503	5.9345e-1
sp|P10108|HSPA5_HUMAN	P10108	HSPA5_HUMAN	HSPA5	384	Homo sapiens	1:Evidence at protein level	HSPA5 protein	0.8974	0.9198	12	86	26	3.4332e+6	0	5.1073e+6	2.3495e+6	8.1859e+6	9.5526e+6	7.2997e+6	-1.2011	3.2104e-3
sp|P10109|ATF6_HUMAN	P10109	ATF6_HUMAN	ATF6	410	Homo sapiens	1:Evidence at protein level	ATF6 protein	0.9659	0.9161	20	88	40	1.9204e+6	1.7145e+6	4.1512e+6	3.2728e+6	1.7744e+6	1.8950e+6	2.1720e+6	0.5058	1.1548e-1
sp|P10110|ERN1_HUMAN	P10110	ERN1_HUMAN	ERN1	277	Homo sapiens	1:Evidence at protein level	ERN1 protein	0.8586	0.8594	33	58	53	4.3204e+6	7.7637e+6	0	3.5768e+6	8.0974e+6	4.0636e+6	4.9029e+6	-0.1238	1.0000e+0
sp|P10111|EIF2AK3_HUMAN	P10111	EIF2AK3_HUMAN	EIF2AK3	813	Homo sapiens	1:Evidence at protein level	EIF2AK3 protein	0.9598	0.9426	31	81	28	1.5883e+7	1.5036e+7	1.9892e+7	3.0055e+7	8.1219e+6	1.6244e+7	1.1720e+7	0.7491	5.4462e-2
sp|P10112|GCN2_HUMAN	P10112	GCN2_HUMAN	GCN2	953	Homo sapiens	1:Evidence at protein level	GCN2 protein	0.9052	0.9850	13	39	11	2.2153e+6	1.7965e+6	1.8920e+6	2.5486e+6	3.8680e+4	4.1332e+4	1.9604e+4	5.9918	1.3034e-12
sp|P10113|MTOR_HUMAN	P10113	MTOR_HUMAN	MTOR	112	Homo sapiens	1:Evidence at protein level	MTOR protein	0.9326	0.8927	36	84	9	5.8771e+6	3.8937e+6	3.7721e+6	7.3340e+6	2.8377e+6	2.4007e+6	2.1128e+6	1.0908	1.6661e-2
sp|P10114|RPTOR_HUMAN	P10114	RPTOR_HUMAN	RPTOR	1037	Homo sapiens	1:Evidence at protein level	RPTOR protein	0.8885	0.9066	24	83	10	6.3687e+5	0	6.4621e+5	0	1.3915e+6	1.0280e+6	5.6603e+5	-0.6334	2.6659e-1
sp|P10115|RICTOR_HUMAN	P10115	RICTOR_HUMAN	RICTOR	790	Homo sapiens	1:Evidence at protein level	RICTOR protein	0.8906	0.9080	32	75	22	2.9085e+7	0	4.0557e+7	2.6353e+7	1.2957e+7	3.2275e+7	2.6173e+7	0.4270	4.1741e-1
sp|P10116|TSC1_HUMAN	P10116	TSC1_HUMAN	TSC1	958	Homo sapiens	1:Evidence at protein level	TSC1 protein	0.9272	0.8286	43	52	44	1.3709e+7	1.1382e+7	1.3698e+7	7.8187e+6	9.6381e+6	1.7145e+7	6.9321e+6	0.0521	1.0000e+0
sp|P10117|TSC2_HUMAN	P10117	TSC2_HUMAN	TSC2	1199	Homo sapiens	1:Evidence at protein level	TSC2 protein	0.9260	0.9224	16	34	10	3.0902e+6	2.9919e+6	3.1238e+6	3.0299e+6	1.6503e+6	0	8.5697e+5	1.2869	1.2008e-3
sp|P10118|RHEB_HUMAN	P10118	RHEB_HUMAN	RHEB	240	Homo sapiens	1:Evidence at protein level	RHEB protein	0.9153	0.9360	35	86	5	2.2380e+6	1.6303e+6	1.5196e+6	8.9308e+5	2.5071e+6	2.2208e+6	2.0932e+6	-0.5340	5.3840e-1
sp|P10119|RPS6KB1_HUMAN	P10119	RPS6KB1_HUMAN	RPS6KB1	1302	Homo sapiens	1:Evidence at protein level	RPS6KB1 protein	0.8733	0.9395	11	44	9	3.1484e+6	2.3107e+6	2.8790e+6	4.7842e+6	2.3817e+8	9.4887e+7	2.0909e+8	-5.7836	1.9390e-12
